model,mean_accuracy,std_accuracy
LR,0.956936127744511,0.009587593260776432
NB,0.9701026518391789,0.006520950845816546
SVM,0.9820644425434845,0.008448350381470704
RF,0.9736812090105504,0.006118050040326256
GB,0.9772740233818078,0.004473763024227009
XGB,0.9820573139435416,0.008468452698780533
ENSEMBLE,0.978471628172227,0.006095682442666657
