model,mean_accuracy,std_accuracy
LR,0.9588414658865181,0.004942695793773848
NB,0.9620973474048349,0.003235927188370743
SVM,0.9755840979419753,0.0031854247543845774
