model,accuracy_mean,accuracy_std,precision,recall,f1_score,auc
LR,0.9588414658865181,0.004942695793773848,0.9882596685082873,0.8871667699938004,0.9349885658281607,0.9974528116750315
NB,0.9620973474048349,0.003235927188370743,0.9801505817932923,0.8877867327960323,0.9316851008458035,0.994058896821085
SVM,0.9755840979419753,0.0031854247543845774,0.9968827930174564,0.9913205207687539,0.9940938762822505,0.9994721266924329
