model,accuracy_mean,accuracy_std,precision,recall,f1_score,auc
LR,0.956936127744511,0.009587593260776432,1.0,0.5675675675675675,0.7241379310344828,0.9987231325814003
NB,0.9701026518391789,0.006520950845816546,0.9482758620689655,0.7432432432432432,0.8333333333333334,0.9865928921047031
SVM,0.9820644425434845,0.008448350381470704,1.0,0.972972972972973,0.9863013698630136,1.0
RF,0.9736812090105504,0.006118050040326256,1.0,0.9459459459459459,0.9722222222222222,1.0
GB,0.9772740233818078,0.004473763024227009,1.0,1.0,1.0,1.0
XGB,0.9820573139435416,0.008468452698780533,1.0,0.9864864864864865,0.9931972789115646,0.9999201957863375
ENSEMBLE,0.978471628172227,0.006095682442666657,1.0,0.918918918918919,0.9577464788732394,1.0
